Date;S&P 500 PRICE IN USD;GOLD PRICE IN USD;BITCOIN PRICE IN USD;ETHEREUM PRICE IN USD
01/01/2019;2506,85;1281,34;3823,44;141,18
02/01/2019;2510,03;1287,08;3885,87;158,10
03/01/2019;2447,89;1289,10;3787,81;151,01
04/01/2019;2531,94;1282,97;3817,71;156,19
07/01/2019;2549,69;1288,24;4005,45;151,46
08/01/2019;2574,41;1284,48;3994,90;151,66
09/01/2019;2584,96;1289,65;4002,13;151,62
10/01/2019;2596,64;1289,31;3627,51;128,61
11/01/2019;2596,26;1290,30;3632,02;125,11
14/01/2019;2582,61;1289,85;3664,28;129,62
15/01/2019;2610,30;1289,40;3576,93;119,79
16/01/2019;2616,10;1294,48;3605,91;123,12
17/01/2019;2635,96;1291,74;3639,98;123,18
18/01/2019;2670,71;1283,55;3609,21;120,36
21/01/2019;2670,71;1280,85;3531,51;116,56
22/01/2019;2632,90;1281,04;3577,11;119,18
23/01/2019;2638,70;1282,68;3552,32;117,47
24/01/2019;2642,33;1282,65;3570,73;117,44
25/01/2019;2664,76;1298,59;3560,00;116,03
28/01/2019;2643,85;1302,55;3429,50;105,90
29/01/2019;2640,00;1310,67;3390,50;104,96
30/01/2019;2681,05;1311,66;3437,35;109,01
31/01/2019;2704,10;1322,59;3413,11;107,31
01/02/2019;2706,53;1317,94;3434,83;107,67
04/02/2019;2724,87;1314,58;3410,87;106,99
05/02/2019;2737,70;1313,48;3431,39;106,95
06/02/2019;2731,61;1312,17;3366,99;105,00
07/02/2019;2706,05;1310,48;3359,33;104,51
08/02/2019;2707,88;1314,26;3622,94;118,10
11/02/2019;2709,80;1309,25;3588,70;121,12
12/02/2019;2744,73;1309,52;3585,94;121,93
13/02/2019;2753,03;1313,60;3574,93;122,03
14/02/2019;2745,73;1310,67;3560,46;121,58
15/02/2019;2775,60;1315,30;3566,29;121,97
18/02/2019;2775,60;1326,19;3869,80;144,76
19/02/2019;2779,76;1337,75;3888,46;145,78
20/02/2019;2784,70;1345,45;3936,53;147,53
21/02/2019;2774,88;1331,29;3900,40;145,02
22/02/2019;2792,67;1330,09;3939,82;149,50
25/02/2019;2796,11;1328,34;3820,71;139,74
26/02/2019;2793,90;1328,33;3795,06;137,10
27/02/2019;2792,38;1322,36;3799,33;133,24
28/02/2019;2784,49;1315,65;3791,36;136,31
01/03/2019;2803,69;1303,67;3807,05;139,24
04/03/2019;2792,81;1286,14;3698,66;127,99
05/03/2019;2789,65;1285,05;3844,07;138,13
06/03/2019;2771,45;1286,74;3851,55;139,21
07/03/2019;2748,93;1285,91;3856,64;140,31
08/03/2019;2743,07;1298,26;3844,64;136,60
11/03/2019;2783,30;1292,51;3849,25;135,44
12/03/2019;2791,52;1297,40;3859,74;134,82
13/03/2019;2810,92;1308,18;3848,48;133,53
14/03/2019;2808,48;1294,31;3854,77;133,95
15/03/2019;2822,48;1302,04;3901,21;138,70
18/03/2019;2832,94;1304,69;3969,46;140,10
19/03/2019;2832,57;1307,29;3998,13;140,14
20/03/2019;2824,23;1301,49;4031,59;140,65
21/03/2019;2854,88;1309,53;3974,21;137,31
22/03/2019;2800,71;1312,60;3982,07;137,98
25/03/2019;2798,36;1321,40;3910,51;133,75
26/03/2019;2818,46;1314,08;3922,58;134,77
27/03/2019;2805,37;1310,59;4025,50;139,07
28/03/2019;2815,44;1290,23;4012,23;138,56
29/03/2019;2834,40;1295,72;4090,00;142,40
01/04/2019;2867,19;1291,98;4136,32;142,22
02/04/2019;2867,24;1290,63;4899,63;160,95
03/04/2019;2873,40;1291,15;4978,23;174,46
04/04/2019;2879,39;1288,23;4907,94;159,83
05/04/2019;2892,74;1292,30;5039,73;164,75
08/04/2019;2895,77;1299,36;5287,88;183,28
09/04/2019;2878,20;1304,93;5192,60;177,74
10/04/2019;2888,21;1307,88;5323,47;176,02
11/04/2019;2888,32;1295,73;5040,20;164,18
12/04/2019;2907,41;1292,28;5076,35;165,00
15/04/2019;2905,58;1287,29;5028,80;160,07
16/04/2019;2907,06;1276,20;5202,43;166,51
17/04/2019;2900,45;1273,59;5233,72;167,95
18/04/2019;2905,03;1275,31;5281,58;175,70
19/04/2019;2905,03;1275,31;5289,91;172,99
22/04/2019;2907,97;1275,19;5386,80;172,64
23/04/2019;2933,68;1268,83;5531,32;173,39
24/04/2019;2927,25;1274,89;5445,32;164,35
25/04/2019;2926,17;1280,04;5132,55;160,31
26/04/2019;2939,88;1287,52;5155,19;157,41
29/04/2019;2943,03;1279,54;5149,11;157,31
30/04/2019;2945,83;1283,06;5269,00;163,32
01/05/2019;2923,73;1281,91;5318,42;162,09
02/05/2019;2917,52;1268,45;5385,00;162,97
03/05/2019;2945,64;1281,04;5658,22;170,90
06/05/2019;2932,47;1279,05;5685,46;177,53
07/05/2019;2884,05;1283,83;5743,20;175,71
08/05/2019;2879,42;1282,72;5940,89;171,67
09/05/2019;2870,72;1283,84;6156,70;169,79
10/05/2019;2881,40;1287,27;6342,84;172,88
13/05/2019;2811,87;1297,40;7810,05;203,51
14/05/2019;2834,41;1296,96;7986,00;208,59
15/05/2019;2850,96;1296,20;8208,69;240,94
16/05/2019;2876,32;1287,05;7880,00;266,71
17/05/2019;2859,53;1276,50;7351,71;240,10
20/05/2019;2840,23;1278,13;8005,64;253,13
21/05/2019;2864,36;1274,19;7955,16;258,91
22/05/2019;2856,27;1275,31;7624,95;242,99
23/05/2019;2822,24;1286,69;7880,22;245,85
24/05/2019;2826,06;1283,77;7999,02;251,05
27/05/2019;2826,06;1285,44;8770,73;269,31
28/05/2019;2802,39;1278,78;8716,12;273,56
29/05/2019;2783,02;1282,00;8663,41;270,38
30/05/2019;2788,86;1288,26;8277,76;248,93
31/05/2019;2752,06;1300,11;8547,20;262,62
03/06/2019;2744,45;1319,82;8103,64;258,45
04/06/2019;2803,27;1321,40;7665,53;234,53
05/06/2019;2826,15;1330,56;7785,94;245,23
06/06/2019;2843,49;1335,64;7806,07;243,36
07/06/2019;2873,34;1345,85;8001,25;248,57
10/06/2019;2886,73;1329,04;8021,10;244,70
11/06/2019;2885,72;1326,26;7919,10;247,00
12/06/2019;2879,84;1335,17;8176,27;257,76
13/06/2019;2891,64;1338,19;8238,00;261,56
14/06/2019;2886,98;1350,18;8697,54;263,50
17/06/2019;2889,67;1338,98;9333,48;272,90
18/06/2019;2917,75;1348,58;9078,84;261,15
19/06/2019;2926,46;1344,15;9278,27;269,23
20/06/2019;2954,18;1384,84;9534,99;272,96
21/06/2019;2950,46;1393,47;10222,12;293,00
24/06/2019;2945,35;1410,04;11029,63;309,91
25/06/2019;2917,38;1432,35;11751,01;312,90
26/06/2019;2913,78;1410,14;12920,54;328,59
27/06/2019;2924,92;1404,85;11153,74;296,25
28/06/2019;2941,76;1412,30;12354,43;306,40
01/07/2019;2964,33;1393,30;10577,43;291,21
02/07/2019;2973,01;1397,04;10828,90;288,18
03/07/2019;2995,82;1420,58;11967,43;295,10
04/07/2019;2995,82;1415,51;11146,34;292,52
05/07/2019;2990,41;1394,93;11003,02;289,10
08/07/2019;2975,95;1398,46;12286,14;311,15
09/07/2019;2979,63;1397,13;12567,23;307,94
10/07/2019;2993,07;1406,26;12098,95;287,53
11/07/2019;2999,91;1411,21;11349,24;268,41
12/07/2019;3013,77;1407,99;11808,91;275,03
15/07/2019;3014,30;1410,51;10850,00;227,75
16/07/2019;3004,04;1409,56;9412,81;202,64
17/07/2019;2984,42;1422,06;9699,35;214,83
18/07/2019;2995,11;1425,53;10648,60;224,42
19/07/2019;2976,61;1429,33;10535,43;222,28
22/07/2019;2985,03;1426,80;10328,83;215,00
23/07/2019;3005,47;1424,23;9847,02;217,41
24/07/2019;3019,56;1423,90;9763,67;216,96
25/07/2019;3003,67;1418,64;9883,96;219,03
26/07/2019;3025,86;1419,49;9846,94;218,49
29/07/2019;3020,97;1419,63;9495,39;210,48
30/07/2019;3013,18;1428,80;9593,62;210,17
31/07/2019;2980,38;1427,68;10085,34;216,14
01/08/2019;2953,56;1413,94;10407,71;217,40
02/08/2019;2932,05;1445,94;10529,51;216,70
05/08/2019;2844,74;1457,49;11800,00;233,59
06/08/2019;2881,77;1473,73;11470,00;223,38
07/08/2019;2883,98;1502,56;11971,57;225,46
08/08/2019;2938,09;1496,49;11983,43;218,84
09/08/2019;2918,65;1502,47;11859,32;211,20
12/08/2019;2883,75;1505,46;11385,11;211,77
13/08/2019;2926,32;1501,27;10862,28;207,38
14/08/2019;2840,60;1518,42;10022,99;189,18
15/08/2019;2847,60;1518,60;10301,44;188,18
16/08/2019;2888,68;1507,80;10354,34;186,91
19/08/2019;2923,65;1501,18;10927,30;200,25
20/08/2019;2900,51;1502,31;10773,99;197,70
21/08/2019;2924,43;1503,35;10134,75;184,95
22/08/2019;2922,95;1500,70;10112,01;193,25
23/08/2019;2847,11;1534,16;10401,60;194,39
26/08/2019;2878,38;1533,97;10360,97;187,45
27/08/2019;2869,16;1539,04;10167,29;186,01
28/08/2019;2887,94;1537,47;9711,78;173,31
29/08/2019;2924,58;1536,90;9490,00;169,46
30/08/2019;2926,46;1529,31;9579,75;168,13
02/09/2019;2926,46;1526,05;10384,48;179,44
03/09/2019;2906,27;1548,98;10617,61;180,93
04/09/2019;2937,78;1545,45;10586,26;177,25
05/09/2019;2976,00;1518,97;10573,66;174,24
06/09/2019;2978,71;1520,80;10311,09;169,86
09/09/2019;2978,43;1501,94;10307,45;181,06
10/09/2019;2979,39;1496,50;10096,00;180,31
11/09/2019;3000,93;1495,35;10154,46;178,79
12/09/2019;3009,57;1513,02;10420,34;182,26
13/09/2019;3007,39;1493,40;10368,65;180,97
16/09/2019;2997,96;1504,65;10269,98;198,25
17/09/2019;3005,70;1504,15;10195,73;212,29
18/09/2019;3006,73;1508,20;10152,09;213,45
19/09/2019;3006,79;1500,40;10271,53;220,87
20/09/2019;2992,07;1503,68;10169,02;216,57
23/09/2019;2991,78;1525,27;9682,19;200,89
24/09/2019;2966,60;1525,19;8536,82;168,44
25/09/2019;2984,87;1517,94;8432,16;172,73
26/09/2019;2977,62;1510,02;8055,03;165,81
27/09/2019;2961,79;1491,90;8187,72;175,60
30/09/2019;2976,74;1473,85;8298,45;179,00
01/10/2019;2940,25;1482,96;8319,01;176,10
02/10/2019;2887,61;1498,58;8373,42;177,97
03/10/2019;2910,63;1509,56;8239,92;174,48
04/10/2019;2952,01;1507,51;8152,07;177,29
07/10/2019;2938,79;1501,79;8205,53;180,42
08/10/2019;2893,06;1502,91;8178,54;180,05
09/10/2019;2919,40;1507,54;8586,34;193,12
10/10/2019;2938,13;1492,14;8582,11;192,92
11/10/2019;2970,27;1482,15;8265,55;181,06
14/10/2019;2966,15;1491,90;8362,99;186,89
15/10/2019;2995,68;1480,80;8155,13;179,74
16/10/2019;2989,69;1486,08;7995,89;174,61
17/10/2019;2997,95;1491,48;8073,32;176,96
18/10/2019;2986,20;1489,90;7955,08;174,33
21/10/2019;3006,72;1485,41;8213,65;174,45
22/10/2019;2995,99;1484,71;8025,90;173,07
23/10/2019;3004,52;1493,69;7470,77;160,12
24/10/2019;3010,29;1502,05;7435,00;160,66
25/10/2019;3022,55;1509,25;8662,66;181,52
28/10/2019;3039,42;1491,19;9216,44;185,00
29/10/2019;3036,89;1490,27;9426,94;191,21
30/10/2019;3046,77;1494,46;9159,94;182,55
31/10/2019;3037,56;1510,23;9150,07;182,36
01/11/2019;3066,91;1511,25;9250,45;184,84
04/11/2019;3078,27;1507,53;9410,76;186,61
05/11/2019;3074,62;1485,49;9320,14;190,24
06/11/2019;3076,78;1488,80;9344,78;191,14
07/11/2019;3085,18;1469,55;9199,36;187,18
08/11/2019;3093,08;1466,60;8767,37;185,57
11/11/2019;3087,01;1452,55;8720,36;186,57
12/11/2019;3091,84;1451,31;8813,91;185,73
13/11/2019;3094,04;1464,71;8755,24;185,73
14/11/2019;3096,63;1471,32;8636,90;185,73
15/11/2019;3120,46;1466,78;8463,49;180,03
18/11/2019;3122,03;1473,03;8170,65;179,32
19/11/2019;3120,18;1472,94;8121,63;175,76
20/11/2019;3108,46;1468,99;8088,44;176,14
21/11/2019;3103,54;1468,35;7611,51;160,47
22/11/2019;3110,29;1466,13;7285,85;153,83
25/11/2019;3133,64;1457,24;7122,14;148,60
26/11/2019;3140,52;1459,65;7159,22;148,36
27/11/2019;3153,63;1454,27;7527,84;153,85
28/11/2019;3153,63;1455,70;7436,72;152,86
29/11/2019;3140,98;1461,54;7753,69;153,46
02/12/2019;3113,87;1464,40;7309,64;149,65
03/12/2019;3093,20;1478,84;7300,43;148,53
04/12/2019;3112,76;1473,09;7197,78;145,81
05/12/2019;3117,43;1477,21;7390,42;148,73
06/12/2019;3145,91;1459,55;7541,79;149,36
09/12/2019;3135,96;1461,78;7340,52;147,87
10/12/2019;3132,52;1463,30;7216,07;145,59
11/12/2019;3141,63;1471,36;7207,42;143,49
12/12/2019;3168,57;1466,15;7188,42;145,17
13/12/2019;3168,80;1472,23;7257,47;144,88
16/12/2019;3191,45;1474,30;6882,19;132,58
17/12/2019;3192,52;1476,57;6612,30;122,46
18/12/2019;3191,14;1475,60;7286,91;131,46
19/12/2019;3205,37;1476,67;7149,57;126,89
20/12/2019;3221,22;1477,40;7194,11;128,70
23/12/2019;3224,01;1482,88;7316,17;127,00
24/12/2019;3223,38;1499,54;7251,52;128,40
25/12/2019;3223,38;1499,54;7195,79;125,53
26/12/2019;3239,91;1499,54;7192,23;125,82
27/12/2019;3240,02;1512,74;7246,93;126,08
30/12/2019;3221,29;1514,92;7220,24;132,16
31/12/2019;3230,78;1520,50;7168,36;128,98
01/01/2020;3230,78;1520,50;7178,68;131,33
02/01/2020;3257,85;1527,80;6950,56;128,04
03/01/2020;3234,85;1548,22;7338,91;132,78
06/01/2020;3246,28;1565,02;7762,74;141,95
07/01/2020;3237,18;1569,65;8159,01;142,77
08/01/2020;3253,05;1568,67;8044,44;138,96
09/01/2020;3274,70;1547,81;7806,78;136,96
10/01/2020;3265,35;1559,69;8200,00;143,00
13/01/2020;3288,13;1551,76;8105,01;144,42
14/01/2020;3283,15;1543,56;8813,04;163,98
15/01/2020;3289,29;1550,38;8809,17;165,20
16/01/2020;3316,81;1550,49;8710,15;163,47
17/01/2020;3329,62;1557,06;8892,63;171,01
20/01/2020;3329,62;1560,78;8625,17;167,10
21/01/2020;3320,79;1557,77;8717,89;169,15
22/01/2020;3321,75;1557,59;8655,93;167,45
23/01/2020;3325,54;1563,91;8378,44;162,48
24/01/2020;3295,47;1571,20;8422,13;163,36
27/01/2020;3243,63;1582,84;8894,54;171,32
28/01/2020;3276,24;1570,88;9400,00;172,60
29/01/2020;3273,40;1571,20;9289,18;176,13
30/01/2020;3283,66;1582,44;9500,00;185,06
31/01/2020;3225,52;1586,70;9327,85;180,94
03/02/2020;3248,92;1576,06;9288,09;189,85
04/02/2020;3297,59;1555,66;9159,37;187,70
05/02/2020;3334,69;1558,14;9618,42;206,77
06/02/2020;3345,78;1563,90;9754,63;213,00
07/02/2020;3327,71;1567,48;9803,42;219,31
10/02/2020;3352,09;1574,48;9850,01;222,46
11/02/2020;3357,75;1564,53;10268,98;236,87
12/02/2020;3379,45;1566,69;10348,78;270,03
13/02/2020;3373,94;1575,71;10228,67;262,40
14/02/2020;3380,16;1581,57;10364,04;282,20
17/02/2020;3380,16;1582,17;9697,15;260,39
18/02/2020;3370,29;1602,43;10185,17;280,41
19/02/2020;3386,15;1606,18;9595,72;261,15
20/02/2020;3373,23;1621,20;9612,76;259,85
21/02/2020;3337,75;1642,40;9696,13;262,56
24/02/2020;3225,89;1673,86;9652,58;262,24
25/02/2020;3128,21;1654,65;9305,40;250,37
26/02/2020;3116,39;1639,23;8779,36;222,78
27/02/2020;2978,76;1647,79;8816,50;225,38
28/02/2020;2954,22;1586,71;8703,84;226,71
02/03/2020;3090,23;1596,46;8917,34;233,03
03/03/2020;3003,37;1638,34;8753,89;224,17
04/03/2020;3130,12;1640,30;8753,28;223,52
05/03/2020;3023,94;1659,70;9066,65;231,48
06/03/2020;2972,37;1667,99;9153,79;241,83
09/03/2020;2746,56;1665,68;7936,25;196,91
10/03/2020;2882,23;1654,22;7885,92;203,52
11/03/2020;2741,38;1649,06;7934,57;189,95
12/03/2020;2480,64;1570,53;4841,67;130,69
13/03/2020;2711,02;1530,94;5622,74;130,10
16/03/2020;2386,13;1502,23;5033,42;110,53
17/03/2020;2529,19;1539,44;5324,99;117,60
18/03/2020;2398,10;1490,60;5406,92;117,40
19/03/2020;2409,39;1475,03;6181,18;138,31
20/03/2020;2304,92;1486,54;6210,14;131,51
23/03/2020;2237,40;1543,67;6493,51;132,46
24/03/2020;2447,33;1622,25;6768,64;138,34
25/03/2020;2475,56;1612,98;6692,22;134,75
26/03/2020;2630,07;1630,56;6760,72;136,45
27/03/2020;2541,47;1626,54;6376,03;137,55
30/03/2020;2626,65;1621,69;6407,77;134,63
31/03/2020;2584,59;1612,10;6421,14;134,55
01/04/2020;2470,50;1587,82;6652,07;132,44
02/04/2020;2526,90;1606,88;6801,99;142,77
03/04/2020;2488,65;1618,74;6742,57;141,27
06/04/2020;2663,68;1649,10;7352,43;166,32
07/04/2020;2659,41;1651,11;7202,73;167,02
08/04/2020;2749,98;1648,74;7367,36;171,93
09/04/2020;2789,82;1681,76;7289,91;171,07
10/04/2020;2789,82;1681,76;6870,97;158,94
13/04/2020;2761,63;1702,32;6864,22;158,00
14/04/2020;2846,06;1731,06;6879,75;159,10
15/04/2020;2783,36;1717,36;6619,00;157,33
16/04/2020;2799,55;1724,73;7113,72;173,86
17/04/2020;2874,56;1693,90;7024,19;170,21
20/04/2020;2823,16;1692,74;6841,00;170,56
21/04/2020;2736,56;1681,19;6854,98;173,00
22/04/2020;2799,31;1710,39;7137,79;181,35
23/04/2020;2797,80;1737,64;7484,58;190,74
24/04/2020;2836,74;1718,82;7505,53;187,57
27/04/2020;2878,48;1713,53;7786,41;194,66
28/04/2020;2863,39;1702,28;7767,79;196,41
29/04/2020;2939,51;1700,88;8790,32;215,28
30/04/2020;2912,43;1704,81;8627,32;209,14
01/05/2020;2830,71;1691,97;8915,98;212,51
04/05/2020;2842,74;1704,49;8882,87;209,30
05/05/2020;2868,44;1698,90;9034,85;205,07
06/05/2020;2848,42;1686,94;9156,79;206,20
07/05/2020;2881,19;1698,76;10000,00;212,94
08/05/2020;2929,80;1713,78;9801,35;214,00
11/05/2020;2930,32;1695,70;8571,98;185,92
12/05/2020;2870,12;1708,97;8825,46;188,04
13/05/2020;2820,00;1715,12;9315,50;200,49
14/05/2020;2852,50;1730,11;9793,50;203,58
15/05/2020;2863,70;1744,07;9306,21;196,39
18/05/2020;2953,91;1736,54;9721,91;212,92
19/05/2020;2922,94;1739,13;9787,65;212,23
20/05/2020;2971,61;1745,99;9516,51;210,00
21/05/2020;2948,51;1724,32;9062,47;198,96
22/05/2020;2955,45;1736,32;9171,96;208,74
25/05/2020;2955,45;1731,03;8903,56;204,36
26/05/2020;2991,77;1709,48;8840,91;201,41
27/05/2020;3036,13;1700,95;9210,00;205,42
28/05/2020;3029,73;1722,73;9577,38;213,91
29/05/2020;3044,31;1731,55;9421,04;218,79
01/06/2020;3055,73;1738,02;10203,64;241,57
02/06/2020;3080,82;1739,61;9525,73;237,93
03/06/2020;3122,87;1696,19;9668,99;241,51
04/06/2020;3112,35;1712,17;9791,92;241,92
05/06/2020;3193,93;1681,39;9619,99;240,42
08/06/2020;3232,39;1690,47;9783,00;243,18
09/06/2020;3207,18;1718,72;9776,84;244,60
10/06/2020;3190,14;1717,54;9894,32;247,31
11/06/2020;3002,10;1741,94;9264,26;233,07
12/06/2020;3041,31;1733,80;9463,07;237,27
15/06/2020;3066,59;1721,16;9435,15;232,54
16/06/2020;3124,74;1727,34;9530,30;234,83
17/06/2020;3113,49;1748,03;9461,29;232,74
18/06/2020;3115,34;1724,09;9374,78;230,16
19/06/2020;3097,74;1741,04;9304,32;229,65
22/06/2020;3117,86;1756,93;9683,12;242,82
23/06/2020;3131,29;1767,04;9622,81;243,81
24/06/2020;3050,33;1772,24;9286,06;234,73
25/06/2020;3083,76;1760,27;9239,48;234,08
26/06/2020;3009,05;1760,56;9158,26;230,81
29/06/2020;3053,24;1772,68;9188,88;229,67
30/06/2020;3100,29;1783,66;9132,96;226,31
01/07/2020;3115,86;1763,12;9233,38;231,27
02/07/2020;3130,01;1776,31;9092,92;227,55
03/07/2020;3130,01;1775,36;9063,08;226,90
06/07/2020;3179,72;1783,27;9348,22;238,89
07/07/2020;3145,32;1793,97;9257,16;238,31
08/07/2020;3169,94;1812,09;9437,16;247,60
09/07/2020;3152,05;1801,65;9234,90;241,94
10/07/2020;3185,04;1800,69;9283,53;239,00
13/07/2020;3155,22;1806,22;9233,10;239,87
14/07/2020;3197,52;1809,04;9251,59;240,69
15/07/2020;3226,56;1806,74;9190,07;238,70
16/07/2020;3215,57;1805,56;9132,87;232,98
17/07/2020;3224,73;1810,06;9156,50;232,86
20/07/2020;3251,84;1817,09;9162,43;236,25
21/07/2020;3257,30;1838,30;9391,25;245,13
22/07/2020;3276,02;1856,70;9539,51;247,95
23/07/2020;3235,66;1887,70;9617,20;274,96
24/07/2020;3215,63;1902,48;9547,91;285,53
27/07/2020;3239,41;1941,43;11046,19;322,40
28/07/2020;3218,44;1949,97;10939,27;319,05
29/07/2020;3258,44;1955,46;11111,17;323,30
30/07/2020;3246,22;1940,10;11112,12;336,12
31/07/2020;3271,12;1975,10;11356,74;347,82
03/08/2020;3294,61;1973,74;11236,39;384,93
04/08/2020;3306,51;1994,05;11192,42;392,12
05/08/2020;3327,77;2047,55;11755,24;405,74
06/08/2020;3349,16;2052,50;11770,08;394,88
07/08/2020;3351,28;2039,08;11600,85;379,58
10/08/2020;3360,47;2036,19;11895,12;393,06
11/08/2020;3333,69;1950,13;11392,64;372,87
12/08/2020;3380,35;1944,14;11565,35;383,60
13/08/2020;3373,43;1947,70;11793,26;420,70
14/08/2020;3372,85;1948,09;11779,77;437,69
17/08/2020;3381,99;1983,71;12298,38;439,56
18/08/2020;3389,78;1995,56;11958,10;428,23
19/08/2020;3374,85;1963,24;11757,55;405,64
20/08/2020;3385,51;1942,01;11859,37;416,37
21/08/2020;3397,16;1939,85;11531,74;388,71
24/08/2020;3431,28;1931,69;11761,80;406,86
25/08/2020;3443,62;1920,86;11328,88;380,22
26/08/2020;3478,73;1940,06;11469,30;387,79
27/08/2020;3484,55;1918,27;11330,00;382,42
28/08/2020;3508,01;1966,36;11536,58;394,82
31/08/2020;3500,31;1967,93;11655,00;430,71
01/09/2020;3526,65;1976,52;11923,96;483,19
02/09/2020;3580,84;1940,23;11398,44;438,44
03/09/2020;3455,06;1935,33;10160,00;402,55
04/09/2020;3426,96;1921,33;10456,32;388,48
07/09/2020;3426,96;1929,41;10377,14;346,86
08/09/2020;3331,84;1926,65;10123,96;337,67
09/09/2020;3398,96;1945,89;10232,80;353,83
10/09/2020;3339,19;1958,04;10342,59;367,49
11/09/2020;3340,97;1947,80;10393,04;370,51
14/09/2020;3383,54;1959,39;10675,15;378,68
15/09/2020;3401,20;1953,24;10783,83;368,08
16/09/2020;3385,49;1966,77;10951,54;366,44
17/09/2020;3357,01;1948,30;10940,47;393,26
18/09/2020;3319,47;1954,65;10931,20;382,32
21/09/2020;3281,06;1897,09;10411,29;348,60
22/09/2020;3315,57;1903,60;10534,31;346,53
23/09/2020;3236,92;1868,69;10233,42;322,34
24/09/2020;3246,59;1863,80;10744,02;345,85
25/09/2020;3298,46;1862,09;10689,81;347,24
28/09/2020;3351,60;1869,90;10689,48;363,65
29/09/2020;3335,47;1886,19;10836,42;357,85
30/09/2020;3363,00;1899,84;10778,22;357,80
01/10/2020;3380,80;1908,54;10622,71;350,91
02/10/2020;3348,44;1907,74;10578,54;343,10
05/10/2020;3408,63;1913,40;10795,00;352,95
06/10/2020;3360,95;1912,99;10606,33;339,09
07/10/2020;3419,45;1883,72;10669,14;341,00
08/10/2020;3446,83;1889,49;10925,20;350,49
09/10/2020;3477,13;1926,15;11052,00;364,93
12/10/2020;3534,22;1921,98;11535,98;393,11
13/10/2020;3511,93;1891,63;11427,98;383,46
14/10/2020;3488,67;1910,19;11428,84;376,08
15/10/2020;3483,34;1900,24;11511,11;378,66
16/10/2020;3483,81;1903,31;11321,86;366,56
19/10/2020;3426,92;1906,81;11764,14;379,60
20/10/2020;3443,12;1908,43;11921,11;370,21
21/10/2020;3435,56;1923,29;12802,67;396,03
22/10/2020;3453,49;1899,38;12983,26;419,10
23/10/2020;3465,39;1899,92;12941,59;409,14
26/10/2020;3400,97;1904,99;13066,73;392,43
27/10/2020;3390,68;1909,74;13647,90;402,52
28/10/2020;3271,03;1882,04;13274,73;386,44
29/10/2020;3310,11;1872,14;13468,44;387,93
30/10/2020;3269,96;1880,77;13562,13;384,59
02/11/2020;3310,24;1894,44;13563,72;385,80
03/11/2020;3369,16;1905,12;14041,58;383,44
04/11/2020;3443,44;1899,19;14160,59;400,55
05/11/2020;3510,45;1948,94;15605,04;413,70
06/11/2020;3509,44;1951,65;15598,09;445,62
09/11/2020;3550,50;1855,21;15332,04;446,28
10/11/2020;3545,53;1884,61;15313,65;452,93
11/11/2020;3572,66;1865,58;15707,89;467,09
12/11/2020;3537,01;1879,30;16300,00;463,38
13/11/2020;3585,15;1893,05;16335,58;472,00
16/11/2020;3626,91;1890,88;16724,62;459,46
17/11/2020;3609,53;1887,27;17680,63;480,52
18/11/2020;3567,79;1880,58;17785,95;474,43
19/11/2020;3581,87;1859,44;17825,47;472,73
20/11/2020;3557,54;1873,93;18687,65;509,24
23/11/2020;3577,59;1832,10;18383,35;604,03
24/11/2020;3635,41;1805,54;19160,85;597,63
25/11/2020;3629,65;1812,80;18732,43;575,93
26/11/2020;3629,65;1809,94;17160,09;515,80
27/11/2020;3638,35;1784,73;17154,39;517,71
30/11/2020;3621,63;1774,39;19700,19;605,21
01/12/2020;3662,45;1810,06;18771,43;597,76
02/12/2020;3669,01;1827,50;19226,55;599,12
03/12/2020;3666,72;1827,49;19448,40;615,53
04/12/2020;3699,12;1833,94;18673,76;580,96
07/12/2020;3691,96;1865,82;19173,50;588,77
08/12/2020;3702,25;1867,21;18316,43;566,38
09/12/2020;3672,82;1848,21;18556,64;575,96
10/12/2020;3668,10;1834,44;18250,30;563,92
11/12/2020;3663,46;1845,61;18040,02;550,54
14/12/2020;3647,49;1826,96;19274,33;585,99
15/12/2020;3694,62;1847,49;19434,87;589,07
16/12/2020;3701,17;1862,49;21365,70;630,01
17/12/2020;3722,48;1888,09;22814,24;640,55
18/12/2020;3709,41;1884,24;23136,14;651,07
21/12/2020;3694,92;1877,20;22732,01;617,28
22/12/2020;3687,26;1864,24;23835,10;621,67
23/12/2020;3690,01;1871,43;23247,71;597,87
24/12/2020;3703,06;1878,44;23726,28;604,96
25/12/2020;3703,06;1878,44;24705,15;618,92
28/12/2020;3735,36;1881,86;27037,91;727,04
29/12/2020;3727,04;1880,24;27370,00;724,02
30/12/2020;3732,04;1885,07;28881,30;748,59
31/12/2020;3756,07;1897,77;28992,79;738,57
01/01/2021;3756,07;1897,77;29402,64;729,44
04/01/2021;3700,65;1939,47;32025,71;1006,15
05/01/2021;3726,86;1946,69;34039,05;1084,79
06/01/2021;3748,14;1901,50;36849,94;1181,66
07/01/2021;3803,79;1917,18;39510,49;1253,01
08/01/2021;3824,68;1854,99;40667,07;1185,86
11/01/2021;3799,61;1849,06;35455,58;1036,57
12/01/2021;3801,19;1845,49;34035,02;1081,06
13/01/2021;3809,84;1858,31;37393,49;1133,58
14/01/2021;3795,54;1849,15;39134,35;1186,36
15/01/2021;3768,25;1825,48;36756,57;1159,65
18/01/2021;3768,25;1837,23;36616,95;1237,79
19/01/2021;3798,91;1841,90;35917,62;1407,50
20/01/2021;3851,85;1865,59;35496,91;1326,86
21/01/2021;3853,07;1864,58;30818,18;1154,91
22/01/2021;3841,47;1854,08;32992,06;1245,66
25/01/2021;3855,36;1848,97;32261,22;1342,00
26/01/2021;3849,62;1853,45;32504,53;1332,39
27/01/2021;3750,77;1847,79;30424,62;1278,04
28/01/2021;3787,38;1855,88;33484,87;1355,63
29/01/2021;3714,24;1858,01;34249,64;1377,69
01/02/2021;3773,86;1862,56;33532,74;1346,06
02/02/2021;3826,31;1838,56;35522,16;1521,24
03/02/2021;3830,17;1834,69;37691,63;1635,32
04/02/2021;3871,74;1789,94;36996,32;1637,36
05/02/2021;3886,83;1808,24;38320,00;1719,36
08/02/2021;3915,59;1836,15;46416,45;1703,70
09/02/2021;3911,23;1838,34;46505,20;1765,01
10/02/2021;3909,88;1836,66;44854,63;1728,70
11/02/2021;3916,38;1836,85;47981,48;1772,00
12/02/2021;3934,83;1826,76;47395,84;1851,42
15/02/2021;3934,83;1819,17;47942,57;1774,08
16/02/2021;3932,59;1810,49;49166,53;1755,52
17/02/2021;3931,33;1770,17;52174,28;1853,07
18/02/2021;3913,97;1778,10;51579,54;1947,22
19/02/2021;3906,71;1785,19;55988,58;1958,08
22/02/2021;3876,50;1808,19;54173,65;1793,92
23/02/2021;3881,37;1805,40;48887,93;1534,47
24/02/2021;3925,43;1794,92;49754,00;1582,23
25/02/2021;3829,34;1777,67;47088,58;1527,87
26/02/2021;3811,15;1727,44;46314,83;1426,93
01/03/2021;3901,82;1738,72;49629,33;1544,37
02/03/2021;3870,29;1727,10;48516,35;1466,74
03/03/2021;3819,72;1721,09;50379,68;1584,04
04/03/2021;3768,47;1719,14;48360,50;1517,99
05/03/2021;3841,94;1696,10;48739,21;1541,03
08/03/2021;3821,35;1681,84;52427,80;1791,48
09/03/2021;3875,44;1716,70;54929,02;1829,09
10/03/2021;3898,81;1717,30;55852,29;1821,08
11/03/2021;3939,34;1722,16;57772,09;1846,99
12/03/2021;3943,34;1710,69;57271,04;1763,96
15/03/2021;3968,94;1729,58;55644,37;1801,33
16/03/2021;3962,71;1728,53;56908,34;1789,58
17/03/2021;3974,12;1727,24;58901,80;1825,13
18/03/2021;3915,46;1735,59;57648,05;1782,19
19/03/2021;3913,10;1740,01;58072,00;1824,01
22/03/2021;3940,59;1738,26;54070,92;1673,09
23/03/2021;3910,52;1727,67;54357,16;1664,47
24/03/2021;3889,14;1736,84;52287,52;1604,15
25/03/2021;3909,52;1730,71;51326,11;1610,02
26/03/2021;3974,54;1733,21;55081,37;1693,28
29/03/2021;3971,09;1711,05;57600,10;1806,70
30/03/2021;3958,55;1685,74;58760,59;1845,22
31/03/2021;3972,89;1704,74;58782,58;1930,68
01/04/2021;4019,87;1729,60;58728,53;1963,75
02/04/2021;4019,87;1729,60;59003,60;2091,10
05/04/2021;4077,91;1727,68;59125,00;2113,77
06/04/2021;4073,94;1744,13;58018,30;2108,89
07/04/2021;4079,95;1742,66;55932,83;2096,22
08/04/2021;4097,17;1756,04;58096,60;2057,82
09/04/2021;4128,80;1742,84;58109,56;2073,04
12/04/2021;4127,99;1734,60;59831,66;2145,46
13/04/2021;4141,59;1742,64;63564,48;2286,17
14/04/2021;4124,66;1735,27;62986,09;2419,72
15/04/2021;4170,42;1765,62;63239,19;2503,19
16/04/2021;4185,47;1778,91;61436,24;2451,89
19/04/2021;4163,26;1775,44;55694,55;2206,62
20/04/2021;4134,94;1776,02;56503,20;2341,72
21/04/2021;4173,42;1792,35;53806,24;2374,39
22/04/2021;4134,98;1784,52;51683,95;2408,17
23/04/2021;4180,17;1775,76;51176,65;2318,08
26/04/2021;4187,62;1777,75;54073,41;2493,33
27/04/2021;4186,72;1779,80;55091,39;2639,47
28/04/2021;4183,18;1773,50;54901,97;2756,93
29/04/2021;4211,47;1769,01;53593,97;2739,17
30/04/2021;4181,17;1770,46;57775,27;2754,50
03/05/2021;4192,66;1792,91;57222,37;3342,00
04/05/2021;4164,66;1777,60;53236,84;3348,62
05/05/2021;4167,59;1783,33;57509,93;3437,43
06/05/2021;4201,62;1814,74;56447,39;3507,42
07/05/2021;4232,60;1835,08;57381,73;3475,36
10/05/2021;4188,43;1837,95;55880,72;4012,38
11/05/2021;4152,10;1829,70;56763,70;4130,17
12/05/2021;4063,04;1830,15;49386,56;4139,45
13/05/2021;4112,50;1821,70;49694,96;3737,69
14/05/2021;4173,85;1837,32;49880,43;4049,55
17/05/2021;4163,29;1863,30;43593,39;3294,00
18/05/2021;4127,83;1868,10;42877,75;3403,69
19/05/2021;4115,68;1883,59;36780,43;2593,56
20/05/2021;4159,12;1879,55;40640,90;2837,42
21/05/2021;4155,86;1874,94;37335,16;2375,64
24/05/2021;4197,05;1884,53;38839,86;2597,04
25/05/2021;4188,13;1892,00;38397,72;2618,91
26/05/2021;4195,99;1904,10;39309,56;2812,11
27/05/2021;4200,88;1891,30;38503,47;2781,05
28/05/2021;4204,11;1895,21;35692,46;2378,83
31/05/2021;4204,11;1905,99;37341,41;2623,94
01/06/2021;4202,04;1898,70;36693,30;2595,02
02/06/2021;4208,12;1903,45;37589,36;2718,61
03/06/2021;4192,85;1871,58;39219,88;2817,13
04/06/2021;4229,89;1894,25;36887,32;2739,06
07/06/2021;4226,52;1893,10;33582,62;2615,01
08/06/2021;4227,26;1893,15;33411,69;2522,40
09/06/2021;4219,55;1890,38;37400,00;2580,53
10/06/2021;4239,18;1890,70;36707,54;2480,60
11/06/2021;4247,44;1882,28;37341,11;2343,64
14/06/2021;4255,15;1864,56;40532,79;2571,43
15/06/2021;4246,59;1860,65;40171,47;2534,95
16/06/2021;4223,70;1856,30;38353,99;2411,51
17/06/2021;4221,86;1773,55;38097,68;2347,87
18/06/2021;4166,45;1775,97;35840,00;2219,29
21/06/2021;4224,79;1784,96;31634,16;1895,33
22/06/2021;4246,44;1780,75;32545,26;1884,86
23/06/2021;4241,84;1788,38;33652,28;1937,94
24/06/2021;4266,49;1780,74;34649,32;1999,17
25/06/2021;4280,70;1780,98;31597,75;1850,98
28/06/2021;4290,61;1781,70;34487,11;2119,22
29/06/2021;4291,80;1758,48;35907,93;2213,02
30/06/2021;4297,50;1765,43;35037,23;2262,71
01/07/2021;4319,94;1770,53;33564,21;2128,98
02/07/2021;4352,34;1783,70;33811,56;2108,36
05/07/2021;4352,34;1790,97;33704,21;2244,82
06/07/2021;4343,54;1802,95;34244,09;2293,14
07/07/2021;4358,13;1803,55;33882,47;2343,26
08/07/2021;4320,82;1798,31;32898,79;2104,78
09/07/2021;4369,55;1808,25;33826,43;2149,16
12/07/2021;4384,63;1804,35;33105,00;2031,18
13/07/2021;4369,21;1812,59;32728,00;1942,24
14/07/2021;4374,30;1822,61;32823,55;1996,02
15/07/2021;4360,03;1823,32;31848,65;1920,02
16/07/2021;4327,16;1812,56;31388,17;1897,93
19/07/2021;4258,49;1807,50;30829,29;1812,66
20/07/2021;4323,06;1810,10;29786,58;1785,60
21/07/2021;4358,69;1802,65;32138,45;1951,67
22/07/2021;4367,48;1804,26;32300,88;2013,05
23/07/2021;4411,79;1798,95;33684,17;2057,06
26/07/2021;4422,30;1799,95;37291,24;2236,26
27/07/2021;4401,46;1797,53;39475,41;2257,78
28/07/2021;4400,64;1801,68;40036,32;2306,43
29/07/2021;4419,15;1829,20;40037,51;2311,90
30/07/2021;4395,26;1823,24;42234,89;2440,90
02/08/2021;4387,16;1815,17;39165,55;2613,09
03/08/2021;4423,15;1808,92;38177,07;2494,00
04/08/2021;4402,66;1808,32;39741,12;2723,07
05/08/2021;4429,10;1802,65;40894,67;2828,12
06/08/2021;4436,52;1763,95;42856,59;2884,66
09/08/2021;4432,35;1729,14;46292,89;3100,00
10/08/2021;4436,75;1727,58;45609,70;3174,31
11/08/2021;4447,70;1749,47;45539,85;3222,01
12/08/2021;4460,83;1748,35;44444,45;3043,62
13/08/2021;4468,00;1774,35;47860,58;3286,88
16/08/2021;4479,71;1787,34;45930,51;3170,46
17/08/2021;4448,08;1783,00;44694,35;3027,56
18/08/2021;4400,27;1779,90;44721,13;3002,95
19/08/2021;4405,80;1781,68;46764,30;3170,84
20/08/2021;4441,67;1782,60;49356,00;3287,14
23/08/2021;4479,53;1802,35;49561,37;3336,03
24/08/2021;4486,23;1805,67;47731,33;3197,26
25/08/2021;4496,19;1786,75;49011,75;3229,76
26/08/2021;4470,00;1795,70;46856,29;3139,64
27/08/2021;4509,37;1807,61;49100,49;3276,97
30/08/2021;4528,79;1811,11;47003,44;3334,00
31/08/2021;4522,68;1806,30;47156,09;3402,10
01/09/2021;4524,09;1811,10;48853,49;3773,28
02/09/2021;4536,95;1812,60;49274,79;3826,58
03/09/2021;4535,43;1833,80;50025,04;3923,82
06/09/2021;4535,43;1822,21;52708,20;3958,08
07/09/2021;4520,03;1793,30;46866,82;3365,51
08/09/2021;4514,07;1793,76;46091,94;3454,22
09/09/2021;4493,28;1791,35;46392,81;3457,66
10/09/2021;4458,58;1794,44;44857,38;3187,55
13/09/2021;4468,73;1795,24;44974,34;3280,35
14/09/2021;4443,05;1807,80;47103,18;3342,69
15/09/2021;4480,70;1793,97;48150,94;3567,15
16/09/2021;4473,75;1757,39;47760,64;3556,31
17/09/2021;4432,99;1753,95;47305,18;3404,19
20/09/2021;4357,73;1764,60;43035,99;3024,07
21/09/2021;4354,19;1779,00;40596,54;2813,79
22/09/2021;4395,64;1776,84;43589,53;3051,12
23/09/2021;4448,98;1748,75;44903,50;3149,10
24/09/2021;4455,48;1752,18;42848,50;2960,90
27/09/2021;4443,11;1750,15;42189,81;2992,32
28/09/2021;4352,63;1736,95;41049,00;2881,71
29/09/2021;4359,46;1731,40;41542,90;2824,27
30/09/2021;4307,54;1760,95;43834,43;3006,65
01/10/2021;4357,04;1756,10;48171,86;3322,47
04/10/2021;4300,46;1764,60;49242,14;3397,32
05/10/2021;4345,72;1754,60;51501,19;3535,33
06/10/2021;4363,55;1756,89;55345,79;3586,87
07/10/2021;4399,76;1758,75;53787,60;3627,49
08/10/2021;4391,34;1759,45;53957,21;3580,42
11/10/2021;4361,19;1758,00;57485,20;3482,32
12/10/2021;4350,65;1763,21;55995,49;3486,72
13/10/2021;4363,80;1792,70;57374,55;3580,78
14/10/2021;4438,26;1797,15;57371,58;3773,13
15/10/2021;4471,37;1773,45;61657,35;3843,45
18/10/2021;4486,46;1767,90;62034,65;3738,87
19/10/2021;4519,63;1772,55;64241,61;3819,98
20/10/2021;4536,19;1783,66;65990,31;4116,64
21/10/2021;4549,78;1780,50;62219,44;4097,83
22/10/2021;4544,90;1806,38;60702,68;3944,53
25/10/2021;4566,48;1806,97;63101,43;4185,83
26/10/2021;4574,79;1788,00;60328,22;4186,16
27/10/2021;4551,68;1792,35;58465,90;3992,27
28/10/2021;4596,42;1801,15;60592,76;4268,97
29/10/2021;4605,38;1776,81;62301,59;4414,05
01/11/2021;4613,67;1790,55;60922,85;4302,62
02/11/2021;4630,65;1789,11;63260,00;4523,28
03/11/2021;4660,57;1762,85;62930,72;4610,69
04/11/2021;4680,06;1792,59;61457,25;4530,81
05/11/2021;4697,53;1810,47;61031,91;4460,49
08/11/2021;4701,70;1822,59;67559,00;4774,44
09/11/2021;4685,25;1824,00;66945,75;4795,24
10/11/2021;4646,71;1854,66;64921,43;4537,24
11/11/2021;4649,27;1860,50;64821,33;4742,95
12/11/2021;4682,85;1862,36;64158,41;4661,68
15/11/2021;4682,80;1860,55;63606,09;4567,38
16/11/2021;4700,90;1861,25;60142,31;4260,90
17/11/2021;4688,67;1863,82;60373,65;4257,61
18/11/2021;4704,54;1861,35;56917,66;4026,46
19/11/2021;4697,96;1859,66;58128,55;4287,94
22/11/2021;4682,94;1821,00;56294,11;4078,38
23/11/2021;4690,70;1782,94;57579,99;4353,85
24/11/2021;4701,46;1784,54;57185,06;4266,36
25/11/2021;4701,46;1789,82;58990,14;4499,78
26/11/2021;4594,62;1799,35;53789,35;4063,02
29/11/2021;4655,27;1786,23;57845,12;4454,23
30/11/2021;4567,00;1780,05;56974,12;4639,30
01/12/2021;4513,04;1786,60;57251,59;4567,91
02/12/2021;4577,10;1765,79;56547,96;4539,23
03/12/2021;4538,43;1774,90;53743,69;4208,86
06/12/2021;4591,67;1780,04;50555,00;4341,80
07/12/2021;4686,75;1783,11;50627,32;4294,66
08/12/2021;4701,21;1782,27;50543,30;4411,99
09/12/2021;4667,45;1779,20;47593,12;4168,14
10/12/2021;4712,02;1784,90;47142,42;4000,88
13/12/2021;4668,97;1788,20;46725,02;3770,33
14/12/2021;4634,09;1775,32;48389,96;3856,17
15/12/2021;4709,85;1767,38;48876,84;4067,10
16/12/2021;4668,67;1797,00;47663,42;4034,40
17/12/2021;4620,64;1803,45;46210,92;3908,70
20/12/2021;4568,02;1795,30;46915,00;3925,09
21/12/2021;4649,23;1786,90;48929,86;4025,82
22/12/2021;4696,56;1799,18;48618,99;4017,54
23/12/2021;4725,79;1807,90;50850,00;4116,12
24/12/2021;4725,79;1808,40;50841,48;4062,69
27/12/2021;4791,19;1812,46;50718,11;4066,29
28/12/2021;4786,35;1809,90;47543,30;3812,44
29/12/2021;4793,06;1803,35;46483,36;3725,82
30/12/2021;4778,73;1810,10;47150,71;3732,20
31/12/2021;4766,18;1822,39;46214,37;3689,87
03/01/2022;4796,56;1800,30;46439,89;3724,14
04/01/2022;4793,54;1813,95;45820,00;3822,89
05/01/2022;4700,58;1824,60;43435,80;3561,81
06/01/2022;4696,05;1792,45;43097,60;3427,14
07/01/2022;4677,03;1791,65;41535,66;3213,04
10/01/2022;4670,29;1794,95;41845,42;3078,22
11/01/2022;4713,07;1813,35;42736,00;3235,35
12/01/2022;4726,35;1821,81;43933,50;3369,82
13/01/2022;4659,03;1815,59;42571,94;3270,95
14/01/2022;4662,85;1821,25;43102,35;3332,67
17/01/2022;4662,85;1818,73;42255,07;3163,58
18/01/2022;4577,11;1815,70;42377,40;3167,35
19/01/2022;4532,76;1840,16;41683,21;3116,73
20/01/2022;4482,73;1844,80;40736,05;3073,74
21/01/2022;4397,94;1832,12;36495,46;2624,31
24/01/2022;4410,13;1834,69;36724,99;2439,29
25/01/2022;4356,45;1847,28;36975,91;2421,23
26/01/2022;4349,93;1833,31;36829,32;2413,73
27/01/2022;4326,51;1797,00;37208,36;2352,59
28/01/2022;4431,85;1784,65;37748,36;2539,75
31/01/2022;4515,55;1796,65;38491,92;2680,53
01/02/2022;4546,54;1806,36;38733,04;2796,61
02/02/2022;4589,38;1809,15;36923,50;2666,86
03/02/2022;4477,44;1804,90;37320,11;2656,35
04/02/2022;4500,53;1803,92;41579,57;2955,45
07/02/2022;4483,87;1815,07;43869,04;3151,77
08/02/2022;4521,54;1826,35;44091,56;3120,26
09/02/2022;4587,18;1830,50;44426,84;3243,82
10/02/2022;4504,08;1839,18;43524,60;3114,16
11/02/2022;4418,64;1833,51;42406,19;2933,38
14/02/2022;4401,67;1866,37;42540,30;2919,57
15/02/2022;4471,07;1849,15;44582,48;3099,32
16/02/2022;4475,01;1862,07;43901,48;3139,89
17/02/2022;4380,26;1895,61;40556,11;2899,50
18/02/2022;4348,87;1895,40;39996,99;2787,74
21/02/2022;4348,87;1896,39;37076,60;2597,54
22/02/2022;4304,76;1899,10;38269,94;2605,02
23/02/2022;4225,50;1906,95;37274,18;2622,81
24/02/2022;4288,70;1925,00;38376,88;2635,55
25/02/2022;4384,65;1887,30;39231,64;2700,53
28/02/2022;4373,94;1903,75;43178,98;2822,78
01/03/2022;4306,26;1925,55;44443,96;2955,80
02/03/2022;4386,54;1919,10;43936,72;2976,74
03/03/2022;4363,49;1926,45;42476,26;2810,56
04/03/2022;4328,87;1961,10;39175,56;2610,61
07/03/2022;4201,09;1979,83;38016,47;2485,18
08/03/2022;4170,70;2056,10;38753,65;2565,31
09/03/2022;4277,88;2001,75;41960,02;2707,88
10/03/2022;4259,52;1997,10;39444,45;2603,30
11/03/2022;4204,31;1983,20;38729,79;2575,88
14/03/2022;4173,11;1956,35;39665,71;2540,88
15/03/2022;4262,45;1925,05;39302,70;2632,76
16/03/2022;4357,86;1909,91;41142,76;2764,94
17/03/2022;4411,67;1943,15;40963,22;2819,73
18/03/2022;4463,12;1930,48;41794,37;2954,86
21/03/2022;4461,18;1937,17;41043,14;2917,49
22/03/2022;4511,61;1919,93;42393,41;3013,43
23/03/2022;4456,24;1929,93;42925,41;3000,87
24/03/2022;4520,16;1962,80;44025,99;3106,40
25/03/2022;4543,06;1958,80;44320,60;3117,71
28/03/2022;4575,52;1937,25;47152,38;3375,77
29/03/2022;4631,60;1911,05;47459,03;3379,75
30/03/2022;4602,45;1937,40;47068,08;3389,39
31/03/2022;4530,41;1941,15;45517,27;3290,14
01/04/2022;4545,86;1927,50;46307,81;3457,79
04/04/2022;4582,64;1933,91;46598,20;3515,38
05/04/2022;4525,12;1930,83;45502,73;3454,51
06/04/2022;4481,15;1928,85;43191,59;3224,49
07/04/2022;4500,21;1932,90;43454,53;3220,23
08/04/2022;4488,28;1942,86;42290,11;3228,40
11/04/2022;4412,53;1952,79;39524,86;2968,68
12/04/2022;4397,45;1975,63;40097,46;3003,59
13/04/2022;4446,59;1977,17;41147,74;3105,66
14/04/2022;4392,59;1968,75;39961,53;3016,18
15/04/2022;4392,59;1968,75;40563,18;3029,93
18/04/2022;4391,69;1984,13;40814,60;3045,85
19/04/2022;4462,21;1953,22;41505,77;3097,72
20/04/2022;4459,45;1953,00;41375,85;3084,91
21/04/2022;4393,66;1944,50;40470,76;3003,68
22/04/2022;4271,78;1928,45;39726,03;2963,78
25/04/2022;4296,12;1898,40;40441,11;3012,63
26/04/2022;4175,20;1905,32;38137,67;2836,61
27/04/2022;4183,96;1885,36;39256,05;2886,75
28/04/2022;4287,50;1887,25;39754,20;2930,04
29/04/2022;4131,93;1908,49;38593,42;2807,41
02/05/2022;4155,38;1860,96;38521,01;2870,45
03/05/2022;4175,48;1876,40;37729,95;2785,21
04/05/2022;4300,17;1867,43;39685,23;2935,10
05/05/2022;4146,87;1880,85;36533,93;2739,81
06/05/2022;4123,34;1885,90;36019,22;2693,30
09/05/2022;3991,24;1861,81;30093,10;2266,65
10/05/2022;4001,05;1845,95;30999,97;2296,65
11/05/2022;3935,18;1849,36;29000,00;2079,83
12/05/2022;3930,08;1841,65;28896,19;1906,54
13/05/2022;4023,89;1815,18;29238,81;2069,43
16/05/2022;4008,01;1813,11;29832,45;2049,11
17/05/2022;4088,85;1821,80;30425,36;2085,55
18/05/2022;3923,68;1815,98;28683,97;1957,13
19/05/2022;3900,79;1845,77;30290,33;2006,17
20/05/2022;3901,36;1843,73;29176,70;1954,29
23/05/2022;3973,75;1854,35;29080,16;1982,88
24/05/2022;3941,48;1866,30;29632,15;1980,39
25/05/2022;3978,73;1849,95;29510,15;1969,80
26/05/2022;4057,84;1845,32;29183,06;1828,59
27/05/2022;4158,24;1852,17;28589,48;1731,52
30/05/2022;4158,24;1857,22;31731,22;1992,43
31/05/2022;4132,15;1845,14;31762,76;1943,03
01/06/2022;4101,23;1843,85;29787,40;1794,78
02/06/2022;4176,82;1868,00;30437,18;1826,01
03/06/2022;4108,54;1856,81;29669,39;1784,72
06/06/2022;4121,43;1843,79;31351,21;1871,36
07/06/2022;4160,68;1851,45;31115,82;1842,80
08/06/2022;4115,77;1858,08;30185,58;1804,56
09/06/2022;4017,82;1843,42;30089,03;1792,90
10/06/2022;3900,86;1858,40;29055,00;1681,33
13/06/2022;3749,63;1826,24;22450,43;1233,08
14/06/2022;3735,48;1813,55;22097,30;1168,93
15/06/2022;3789,99;1821,95;22555,27;1232,26
16/06/2022;3666,77;1835,51;20382,88;1099,53
17/06/2022;3674,84;1840,35;20440,70;1081,05
20/06/2022;3674,84;1837,75;20555,44;1099,66
21/06/2022;3764,79;1838,50;20712,29;1127,46
22/06/2022;3759,89;1839,60;19963,68;1057,69
23/06/2022;3795,73;1841,05;21093,42;1122,18
24/06/2022;3911,74;1828,50;21215,42;1228,42
27/06/2022;3900,11;1824,70;20699,72;1197,34
28/06/2022;3821,55;1820,40;20261,34;1165,30
29/06/2022;3818,83;1816,64;20093,18;1112,72
30/06/2022;3785,38;1806,87;19924,89;1022,04
01/07/2022;3825,33;1807,50;19239,47;1064,38
04/07/2022;3825,33;1807,80;20209,53;1132,28
05/07/2022;3831,39;1767,85;20168,63;1149,89
06/07/2022;3845,08;1738,95;20547,45;1161,64
07/07/2022;3902,62;1741,40;21643,56;1239,00
08/07/2022;3899,38;1745,90;21584,14;1232,33
11/07/2022;3854,43;1737,90;19949,71;1116,15
12/07/2022;3818,80;1732,39;19321,14;1041,28
13/07/2022;3801,78;1744,90;20232,35;1089,12
14/07/2022;3790,38;1706,16;20577,23;1183,54
15/07/2022;3863,16;1705,30;20835,39;1255,12
18/07/2022;3830,85;1711,22;22435,04;1486,51
19/07/2022;3936,69;1713,92;23405,02;1575,93
20/07/2022;3959,90;1708,51;23208,53;1543,30
21/07/2022;3998,95;1713,90;23163,34;1586,98
22/07/2022;3961,63;1730,95;22682,26;1535,94
25/07/2022;3966,84;1717,13;21306,56;1513,30
26/07/2022;3921,05;1719,05;21259,78;1379,50
27/07/2022;4023,61;1716,77;22969,04;1613,16
28/07/2022;4072,43;1753,25;23853,11;1738,89
29/07/2022;4130,29;1764,24;23785,31;1715,24
01/08/2022;4118,63;1765,57;23282,92;1626,59
02/08/2022;4091,19;1777,14;23001,52;1657,91
03/08/2022;4155,17;1757,41;22835,88;1634,31
04/08/2022;4151,94;1786,31;22615,24;1588,58
05/08/2022;4145,19;1775,83;23326,40;1703,10
08/08/2022;4140,06;1786,87;23821,68;1771,86
09/08/2022;4122,47;1792,65;23164,78;1706,73
10/08/2022;4210,24;1800,03;23964,00;1863,09
11/08/2022;4207,27;1788,30;23959,00;1899,23
12/08/2022;4280,15;1794,50;24407,00;1922,76
15/08/2022;4297,14;1779,04;24110,00;1903,21
16/08/2022;4305,20;1777,20;23867,00;1876,79
17/08/2022;4274,04;1762,75;23340,00;1837,07
18/08/2022;4283,74;1761,08;23201,00;1867,83
19/08/2022;4228,48;1749,55;20841,00;1644,74
22/08/2022;4137,99;1736,22;21411,00;1575,77
23/08/2022;4128,73;1752,00;21520,00;1647,56
24/08/2022;4140,77;1753,77;21372,00;1676,53
25/08/2022;4199,12;1757,19;21571,00;1701,89
26/08/2022;4057,66;1736,75;20250,00;1555,59
29/08/2022;4030,61;1740,33;20302,00;1544,77
30/08/2022;3986,16;1725,00;19819,00;1533,37
31/08/2022;3955,00;1719,56;20059,00;1577,60
01/09/2022;3966,85;1697,75;20128,00;1588,21
02/09/2022;3924,26;1716,60;19959,00;1581,54
05/09/2022;3924,26;1711,35;19794,00;1593,77
06/09/2022;3908,19;1704,55;18789,00;1582,77
07/09/2022;3979,87;1712,33;19276,00;1650,94
08/09/2022;4006,18;1706,86;19322,00;1637,33
09/09/2022;4067,36;1714,40;21371,00;1712,83
12/09/2022;4110,41;1729,60;22401,00;1716,00
13/09/2022;3932,69;1704,50;20177,00;1592,28
14/09/2022;3946,01;1705,15;20233,00;1616,88
15/09/2022;3901,35;1667,10;19691,00;1485,87
16/09/2022;3873,33;1675,20;19802,00;1436,55
19/09/2022;3899,89;1674,28;19538,00;1380,55
20/09/2022;3855,93;1666,40;18878,00;1321,89
21/09/2022;3789,93;1668,10;18466,00;1249,64
22/09/2022;3757,99;1669,60;19403,00;1309,88
23/09/2022;3693,23;1643,85;19294,00;1328,09
26/09/2022;3655,04;1644,20;19226,00;1318,60
27/09/2022;3647,29;1635,05;19075,00;1322,70
28/09/2022;3719,04;1652,20;19413,00;1344,84
29/09/2022;3640,47;1657,45;19592,00;1335,47
30/09/2022;3585,62;1674,06;19425,00;1321,58
03/10/2022;3678,43;1691,40;19636,00;1318,26
04/10/2022;3790,93;1724,50;20343,00;1358,76
05/10/2022;3783,28;1708,05;20162,00;1349,21
06/10/2022;3744,52;1712,15;19951,00;1351,52
07/10/2022;3639,66;1702,29;19532,00;1332,53
10/10/2022;3612,39;1668,10;19131,00;1302,34
11/10/2022;3588,84;1671,35;19059,00;1277,15
12/10/2022;3577,03;1669,00;19157,00;1300,68
13/10/2022;3669,91;1653,75;19377,00;1295,79
14/10/2022;3583,07;1647,20;19181,00;1293,87
17/10/2022;3677,95;1660,90;19547,00;1334,57
18/10/2022;3719,98;1651,73;19334,00;1310,19
19/10/2022;3695,16;1634,23;19126,00;1293,17
20/10/2022;3665,78;1645,03;19043,00;1285,93
21/10/2022;3752,75;1642,40;19165,00;1299,79
24/10/2022;3797,34;1647,70;19332,00;1346,47
25/10/2022;3859,11;1654,75;20087,00;1475,42
26/10/2022;3830,60;1671,55;20775,00;1549,79
27/10/2022;3807,30;1663,85;20296,00;1525,86
28/10/2022;3901,06;1641,20;20599,00;1554,25
31/10/2022;3871,98;1638,03;20498,00;1559,41
01/11/2022;3856,10;1645,14;20480,00;1577,41
02/11/2022;3759,69;1647,53;20154,00;1514,93
03/11/2022;3719,89;1628,00;20209,00;1542,40
04/11/2022;3770,55;1673,40;21153,00;1646,98
07/11/2022;3806,80;1679,35;20590,00;1571,15
08/11/2022;3828,11;1698,80;18550,00;1331,48
09/11/2022;3748,57;1716,59;15877,00;1132,47
10/11/2022;3956,37;1746,93;17551,00;1319,94
11/11/2022;3992,93;1762,55;17007,00;1268,62
14/11/2022;3957,25;1774,78;16589,00;1225,40
15/11/2022;3991,73;1770,22;16874,00;1244,73
16/11/2022;3958,79;1775,20;16654,00;1206,36
17/11/2022;3946,56;1760,05;16686,00;1205,99
18/11/2022;3965,34;1754,26;16683,00;1207,01
21/11/2022;3949,94;1736,85;15766,00;1099,16
22/11/2022;4003,58;1744,25;16197,00;1128,95
23/11/2022;4027,26;1739,85;16603,00;1169,48
24/11/2022;4027,26;1756,11;16591,00;1195,97
25/11/2022;4026,12;1749,74;16508,00;1198,52
28/11/2022;3963,94;1749,03;16210,00;1171,72
29/11/2022;3957,63;1753,20;16434,00;1219,25
30/11/2022;4080,11;1751,94;17170,00;1295,19
01/12/2022;4076,57;1799,98;16977,00;1275,75
02/12/2022;4071,70;1789,75;17095,00;1291,21
05/12/2022;3998,84;1778,21;16968,00;1259,00
06/12/2022;3941,26;1774,54;17087,00;1254,99
07/12/2022;3933,92;1776,88;16836,00;1231,16
08/12/2022;3963,51;1788,01;17229,00;1279,47
09/12/2022;3934,38;1798,42;17128,00;1260,21
12/12/2022;3990,56;1782,25;17209,00;1276,53
13/12/2022;4019,65;1813,45;17772,00;1319,16
14/12/2022;3995,32;1811,05;17803,00;1310,31
15/12/2022;3895,75;1777,45;17362,00;1263,12
16/12/2022;3852,36;1789,78;16633,00;1195,35
19/12/2022;3817,66;1785,97;16446,00;1175,07
20/12/2022;3821,62;1817,30;16898,00;1215,02
21/12/2022;3878,44;1816,42;16824,00;1211,42
22/12/2022;3822,39;1796,10;16821,00;1216,30
23/12/2022;3844,82;1802,61;16779,00;1221,70
26/12/2022;3844,82;1798,24;16917,00;1216,75
27/12/2022;3829,25;1823,91;16700,00;1210,65
28/12/2022;3783,22;1797,94;16540,00;1185,41
29/12/2022;3849,28;1812,36;16628,00;1194,25
30/12/2022;3839,50;1815,64;16603,00;1198,88
02/01/2023;3839,50;1823,95;16673,00;1213,98
03/01/2023;3824,14;1829,95;16670,00;1214,11
04/01/2023;3852,97;1859,30;16849,00;1256,42
05/01/2023;3808,10;1830,69;16826,00;1250,73
06/01/2023;3895,08;1862,21;16950,00;1268,71
09/01/2023;3892,09;1875,23;17179,00;1320,11
10/01/2023;3919,25;1875,29;17446,00;1335,42
11/01/2023;3969,61;1870,17;17930,00;1388,95
12/01/2023;3983,17;1890,77;18853,00;1416,05
13/01/2023;3999,09;1911,17;19931,00;1451,18
16/01/2023;3999,09;1915,93;21189,00;1577,02
17/01/2023;3990,97;1910,61;21134,00;1565,15
18/01/2023;3928,86;1912,42;20670,00;1512,28
19/01/2023;3898,85;1920,24;21086,00;1551,20
20/01/2023;3972,61;1928,55;22678,00;1659,02
23/01/2023;4019,81;1924,71;22922,00;1626,47
24/01/2023;4016,95;1934,80;22637,00;1556,12
25/01/2023;4016,22;1929,60;23054,00;1610,94
26/01/2023;4060,43;1926,83;23010,00;1601,35
27/01/2023;4070,56;1928,09;23083,00;1597,86
30/01/2023;4017,77;1924,61;22831,00;1566,49
31/01/2023;4076,60;1928,19;23127,00;1585,47
01/02/2023;4119,21;1929,99;23735,00;1641,61
02/02/2023;4179,76;1923,15;23498,00;1642,74
03/02/2023;4136,48;1870,38;23434,00;1663,97
06/02/2023;4111,08;1867,15;22763,00;1614,31
07/02/2023;4164,00;1875,17;23252,00;1671,61
08/02/2023;4117,86;1875,17;22961,00;1650,95
09/02/2023;4081,50;1874,28;21802,00;1545,78
10/02/2023;4090,46;1860,06;21639,00;1513,79
13/02/2023;4137,29;1852,97;21790,00;1506,37
14/02/2023;4136,13;1850,15;22211,00;1556,14
15/02/2023;4147,60;1834,27;24332,00;1675,34
16/02/2023;4090,41;1832,97;23521,00;1638,41
17/02/2023;4079,09;1837,40;24580,00;1694,30
20/02/2023;4079,09;1843,77;24843,00;1703,53
21/02/2023;3997,34;1835,60;24450,00;1659,64
22/02/2023;3991,05;1835,13;24188,00;1643,28
23/02/2023;4012,32;1820,69;23939,00;1650,59
24/02/2023;3970,04;1809,85;23189,00;1607,86
27/02/2023;3982,24;1814,06;23493,00;1633,45
28/02/2023;3970,15;1825,97;23136,00;1604,71
01/03/2023;3951,39;1838,55;23634,00;1665,59
02/03/2023;3981,35;1836,85;23466,00;1647,77
03/03/2023;4045,64;1846,15;22359,00;1569,61
06/03/2023;4048,42;1851,29;22407,00;1565,91
07/03/2023;3986,37;1819,40;22200,00;1561,63
08/03/2023;3992,01;1820,80;21704,00;1532,60
09/03/2023;3918,32;1827,89;20367,00;1437,65
10/03/2023;3861,59;1859,13;20220,00;1431,49
13/03/2023;3855,76;1904,78;24209,00;1681,01
14/03/2023;3919,29;1904,15;24750,00;1705,17
15/03/2023;3891,93;1929,14;24368,00;1656,21
16/03/2023;3960,28;1918,06;25050,00;1677,00
17/03/2023;3916,64;1961,15;27466,00;1793,32
20/03/2023;3951,57;1978,47;27815,00;1738,45
21/03/2023;4002,87;1946,34;28192,00;1807,45
22/03/2023;3936,97;1946,39;27320,00;1738,86
23/03/2023;3948,72;1988,08;28343,00;1817,28
24/03/2023;3970,99;1993,15;27493,00;1751,74
27/03/2023;3977,53;1958,08;27142,00;1716,16
28/03/2023;3971,27;1969,62;27272,00;1773,53
29/03/2023;4027,81;1965,52;28353,00;1793,51
30/03/2023;4050,83;1974,42;28039,00;1794,03
31/03/2023;4109,31;1976,50;28476,00;1822,21
03/04/2023;4124,51;1986,27;27816,00;1811,00
04/04/2023;4100,60;2021,85;28178,00;1871,62
05/04/2023;4090,38;2017,25;28183,00;1909,49
06/04/2023;4105,02;2009,60;28051,00;1873,09
07/04/2023;4105,02;2008,37;27931,00;1864,80
10/04/2023;4109,11;1989,27;29652,00;1911,12
11/04/2023;4108,94;2004,39;30246,00;1891,58
12/04/2023;4091,95;2007,09;29903,00;1918,78
13/04/2023;4146,22;2037,33;30410,00;2013,84
14/04/2023;4137,64;1998,71;30498,00;2101,61
17/04/2023;4151,32;1990,75;29448,00;2075,87
18/04/2023;4154,87;2008,25;30395,00;2104,28
19/04/2023;4154,52;1993,72;28827,00;1936,48
20/04/2023;4129,79;2000,17;28238,00;1943,17
21/04/2023;4133,52;1978,07;27254,00;1849,16
24/04/2023;4137,04;1984,49;27512,00;1842,51
25/04/2023;4071,63;1987,51;28300,00;1866,48
26/04/2023;4055,99;1995,05;28428,00;1866,80
27/04/2023;4135,35;1984,83;29485,00;1909,41
28/04/2023;4169,48;1990,40;29333,00;1892,75
01/05/2023;4167,87;1983,26;28079,00;1831,54
02/05/2023;4119,58;2012,45;28680,00;1871,77
03/05/2023;4090,75;2022,39;29033,00;1905,90
04/05/2023;4061,22;2047,01;28851,00;1878,56
05/05/2023;4136,25;2011,60;29547,00;1996,34
08/05/2023;4138,12;2023,41;27690,00;1853,92
09/05/2023;4119,17;2026,14;27650,00;1849,03
10/05/2023;4137,64;2022,62;27618,00;1842,72
11/05/2023;4130,62;2020,30;26991,00;1795,53
12/05/2023;4124,08;2010,30;26811,00;1808,22
15/05/2023;4136,28;2014,98;27166,00;1817,61
16/05/2023;4109,90;1999,15;27037,00;1824,17
17/05/2023;4158,77;1980,60;27404,00;1821,57
18/05/2023;4198,05;1953,70;26818,00;1804,25
19/05/2023;4191,98;1967,25;26893,00;1814,44
22/05/2023;4192,63;1972,65;26856,00;1818,59
23/05/2023;4145,58;1967,30;27226,00;1854,02
24/05/2023;4115,24;1969,12;26325,00;1803,04
25/05/2023;4151,28;1944,80;26478,00;1806,71
26/05/2023;4205,45;1940,40;26718,00;1830,25
29/05/2023;4205,45;1946,84;27749,00;1895,00
30/05/2023;4205,52;1958,30;27706,00;1901,04
31/05/2023;4179,83;1971,45;27219,00;1876,57
01/06/2023;4221,02;1979,00;26826,00;1861,87
02/06/2023;4282,37;1965,02;27251,00;1907,32
05/06/2023;4273,79;1957,45;25739,00;1814,98
06/06/2023;4283,85;1959,40;27236,00;1883,20
07/06/2023;4267,52;1958,00;26348,00;1832,45
08/06/2023;4293,93;1968,32;26510,00;1846,57
09/06/2023;4298,86;1963,48;26484,00;1837,92
12/06/2023;4338,93;1956,45;25906,00;1741,17
13/06/2023;4369,01;1950,90;25934,00;1735,73
14/06/2023;4372,59;1957,70;25127,00;1650,17
15/06/2023;4425,84;1952,60;25573,00;1663,28
16/06/2023;4409,59;1959,35;26333,00;1716,40
19/06/2023;4409,59;1952,55;26842,00;1734,44
20/06/2023;4388,71;1935,80;28315,00;1788,11
21/06/2023;4365,69;1930,20;30009,00;1895,12
22/06/2023;4381,89;1935,85;29889,00;1874,90
23/06/2023;4348,33;1924,05;30716,00;1890,67
26/06/2023;4328,82;1925,86;30274,00;1855,78
27/06/2023;4378,41;1915,05;30696,00;1889,04
28/06/2023;4376,86;1909,55;30079,00;1828,38
29/06/2023;4396,44;1911,45;30444,00;1854,05
30/06/2023;4450,38;1916,00;30469,00;1933,95
03/07/2023;4455,59;1927,34;31158,00;1955,09
04/07/2023;4455,59;1927,30;30771,00;1939,55
05/07/2023;4446,82;1923,71;30501,00;1915,26
06/07/2023;4411,59;1909,92;29912,00;1915,26
07/07/2023;4398,95;1929,50;30348,00;1869,68
10/07/2023;4409,53;1922,40;30421,00;1880,45
11/07/2023;4439,26;1932,05;30621,00;1878,84
12/07/2023;4472,16;1953,65;30382,00;1872,43
13/07/2023;4510,04;1959,90;31471,00;2007,42
14/07/2023;4505,42;1959,25;30331,00;1935,36
17/07/2023;4522,79;1953,35;30154,00;1911,64
18/07/2023;4554,98;1982,75;29868,00;1895,21
19/07/2023;4565,72;1976,05;29919,00;1890,26
20/07/2023;4534,87;1970,10;29806,00;1891,81
21/07/2023;4536,34;1960,65;29908,00;1892,61
24/07/2023;4554,64;1960,60;29177,00;1849,78
25/07/2023;4567,46;1962,04;29224,00;1856,90
26/07/2023;4566,75;1970,95;29354,00;1868,10
27/07/2023;4537,41;1945,01;29219,00;1860,17
28/07/2023;4582,23;1960,75;29317,00;1874,81
31/07/2023;4588,96;1968,40;29231,00;1874,81
01/08/2023;4576,73;1943,10;29696,00;1868,16
02/08/2023;4513,39;1934,60;29164,00;1837,66
03/08/2023;4501,89;1936,25;29176,00;1836,66
04/08/2023;4478,03;1939,75;29077,00;1827,34
07/08/2023;4518,44;1934,30;29181,00;1826,43
08/08/2023;4499,38;1927,50;29764,00;1855,83
09/08/2023;4467,71;1917,56;29565,00;1855,44
10/08/2023;4468,83;1913,85;29423,00;1851,08
11/08/2023;4464,05;1917,85;29398,00;1848,75
14/08/2023;4489,72;1908,65;29408,00;1843,95
15/08/2023;4437,86;1908,20;29172,00;1843,95
16/08/2023;4404,33;1903,90;28701,00;1805,78
17/08/2023;4370,36;1895,25;26642,00;1688,84
18/08/2023;4369,71;1892,45;26051,00;1658,77
21/08/2023;4399,77;1888,35;26125,00;1668,16
22/08/2023;4387,55;1897,05;26042,00;1633,69
23/08/2023;4436,01;1917,10;26431,00;1679,40
24/08/2023;4376,31;1921,15;26168,00;1655,82
25/08/2023;4405,71;1905,05;26048,00;1653,59
28/08/2023;4433,31;1919,29;26103,00;1652,69
29/08/2023;4497,63;1934,70;27726,00;1727,38
30/08/2023;4514,87;1945,60;27300,00;1705,78
31/08/2023;4507,66;1942,45;25932,00;1645,95
01/09/2023;4515,77;1939,25;25798,00;1629,73
04/09/2023;4515,77;1938,39;25819,00;1627,62
05/09/2023;4496,83;1928,80;25783,00;1633,05
06/09/2023;4465,48;1916,70;25748,00;1632,85
07/09/2023;4451,14;1917,80;26245,00;1645,51
08/09/2023;4457,49;1921,95;25908,00;1636,18
11/09/2023;4487,46;1921,90;25155,00;1550,78
12/09/2023;4461,90;1912,97;25844,00;1593,31
13/09/2023;4467,44;1912,47;26226,00;1607,05
14/09/2023;4505,10;1911,20;26529,00;1625,93
15/09/2023;4450,32;1928,05;26607,00;1644,60
18/09/2023;4453,53;1926,85;26770,00;1636,57
19/09/2023;4443,95;1933,70;27214,00;1643,38
20/09/2023;4402,20;1945,35;27128,00;1622,99
21/09/2023;4330,00;1919,86;26563,00;1584,60
22/09/2023;4320,06;1927,45;26581,00;1594,34
25/09/2023;4337,44;1917,05;26297,00;1586,64
26/09/2023;4273,53;1904,15;26208,00;1594,51
27/09/2023;4274,51;1883,40;26361,00;1598,23
28/09/2023;4299,70;1860,09;27026,00;1652,83
29/09/2023;4288,05;1856,75;26911,00;1667,57
02/10/2023;4288,39;1830,35;27507,00;1664,83
03/10/2023;4229,45;1825,55;27435,00;1658,17
04/10/2023;4263,75;1823,00;27790,00;1648,51
05/10/2023;4258,19;1818,40;27417,00;1614,77
06/10/2023;4308,50;1829,80;27948,00;1645,95
09/10/2023;4335,66;1852,30;27948,00;1579,61
10/10/2023;4358,24;1858,25;27395,00;1569,13
11/10/2023;4376,95;1870,51;26874,00;1566,05
12/10/2023;4349,61;1873,05;26756,00;1538,41
13/10/2023;4327,78;1919,30;26867,00;1550,85
16/10/2023;4373,63;1920,90;28518,00;1601,60
17/10/2023;4373,20;1926,15;28408,00;1565,20
18/10/2023;4314,60;1941,40;28328,00;1563,45
19/10/2023;4278,00;1954,55;28733,00;1566,94
20/10/2023;4224,16;1993,85;29688,00;1604,93
23/10/2023;4217,04;1977,45;33074,00;1759,89
24/10/2023;4247,68;1961,75;33917,00;1783,31
25/10/2023;4186,77;1975,25;34498,00;1786,80
26/10/2023;4137,23;1980,25;34165,00;1802,78
27/10/2023;4117,37;1981,90;33906,00;1782,38
30/10/2023;4166,82;1997,80;34495,00;1808,00
31/10/2023;4193,80;1995,90;34661,00;1812,88
01/11/2023;4237,86;1985,15;35440,00;1844,96
02/11/2023;4317,78;1983,85;34937,00;1799,22
03/11/2023;4358,34;1995,41;34727,00;1831,41
06/11/2023;4365,98;1984,05;35042,00;1898,21
07/11/2023;4378,38;1963,85;35414,00;1887,92
08/11/2023;4382,78;1958,40;35640,00;1894,37
09/11/2023;4347,35;1959,85;36693,00;2125,31
10/11/2023;4415,24;1946,70;37319,00;2079,08
13/11/2023;4411,55;1935,95;36485,00;2058,55
14/11/2023;4495,70;1968,70;35564,00;1981,38
15/11/2023;4502,88;1958,40;37877,00;2058,09
16/11/2023;4508,24;1982,65;36165,00;1960,68
17/11/2023;4514,02;1980,95;36625,00;1959,99
20/11/2023;4547,38;1974,40;37480,00;2025,14
21/11/2023;4538,19;2002,55;35758,00;1949,14
22/11/2023;4556,62;1994,25;37424,00;2066,23
23/11/2023;4556,62;1990,41;37301,00;2061,36
24/11/2023;4559,34;1998,85;37746,00;2078,96
27/11/2023;4550,43;2008,95;37240,00;2026,99
28/11/2023;4554,89;2034,55;37839,00;2049,05
29/11/2023;4550,58;2041,44;37863,00;2031,14
30/11/2023;4567,80;2037,80;37719,00;2042,70
01/12/2023;4594,63;2056,15;38707,00;2084,86
04/12/2023;4569,78;2026,45;41985,00;2237,52
05/12/2023;4567,18;2016,30;44075,00;2289,35
06/12/2023;4549,34;2029,20;43764,00;2234,00
07/12/2023;4585,59;2030,00;43291,00;2357,50
08/12/2023;4604,37;2004,20;44193,00;2356,08
11/12/2023;4622,44;1982,35;41242,00;2225,39
12/12/2023;4643,70;1983,19;41458,00;2203,36
13/12/2023;4707,09;1982,05;42888,00;2257,17
14/12/2023;4719,55;2040,25;43031,00;2319,01
15/12/2023;4719,19;2035,25;41925,00;2220,65
18/12/2023;4740,56;2022,40;42650,00;2214,62
19/12/2023;4768,37;2043,80;42258,00;2171,99
20/12/2023;4698,35;2034,65;43665,00;2196,39
21/12/2023;4746,75;2042,65;43873,00;2236,26
22/12/2023;4754,63;2061,35;44002,00;2324,44
25/12/2023;4754,63;2061,35;43591,00;2272,93
26/12/2023;4774,75;2057,60;42510,00;2228,69
27/12/2023;4781,58;2078,95;43473,00;2383,88
28/12/2023;4783,35;2075,20;42583,00;2355,97
29/12/2023;4769,83;2065,45;42085,00;2296,48
01/01/2024;4769,83;2065,45;44187,00;2347,44
02/01/2024;4742,83;2066,55;44970,00;2356,44
03/01/2024;4704,81;2033,85;42865,00;2207,26
04/01/2024;4688,68;2045,20;44186,00;2270,86
05/01/2024;4697,24;2056,05;44184,00;2264,26
08/01/2024;4763,54;2036,45;46995,00;2330,84
09/01/2024;4756,50;2027,45;46124,00;2339,44
10/01/2024;4783,45;2026,15;46681,00;2585,78
11/01/2024;4780,24;2025,50;46360,00;2617,21
12/01/2024;4783,83;2052,70;42778,00;2514,70
15/01/2024;4783,83;2053,74;42493,00;2512,97
16/01/2024;4765,98;2035,80;43131,00;2587,77
17/01/2024;4739,21;2010,20;42738,00;2526,06
18/01/2024;4780,94;2014,45;41283,00;2467,98
19/01/2024;4839,81;2027,25;41628,00;2490,98
22/01/2024;4850,43;2021,91;39528,00;2312,87
23/01/2024;4864,60;2026,23;39868,00;2237,07
24/01/2024;4868,55;2013,60;40074,00;2235,99
25/01/2024;4894,16;2019,80;39916,00;2218,96
26/01/2024;4890,97;2016,55;41818,00;2265,94
29/01/2024;4927,93;2025,53;43305,00;2314,32
30/01/2024;4924,97;2033,38;42946,00;2340,55
31/01/2024;4845,65;2048,35;42558,00;2285,31
01/02/2024;4906,19;2059,85;43071,00;2301,00
02/02/2024;4958,61;2035,40;43183,00;2306,02
05/02/2024;4942,81;2019,55;42659,00;2297,93
06/02/2024;4954,23;2036,72;43092,00;2374,92
07/02/2024;4995,06;2040,90;44346,00;2424,78
08/02/2024;4997,91;2030,71;45300,00;2421,55
09/02/2024;5026,61;2021,35;47161,00;2487,89
12/02/2024;5021,84;2013,85;49937,00;2653,53
13/02/2024;4953,17;1994,81;49720,00;2637,76
14/02/2024;5000,62;1989,30;51844,00;2785,26
15/02/2024;5029,73;2000,55;51942,00;2827,38
16/02/2024;5005,57;2010,10;52161,00;2809,50
19/02/2024;5005,57;2014,80;51789,00;2946,75
20/02/2024;4975,51;2026,66;52275,00;3009,17
21/02/2024;4981,80;2024,55;51843,00;2973,59
22/02/2024;5087,03;2022,87;51253,00;2969,94
23/02/2024;5088,80;2033,40;50743,00;2927,22
26/02/2024;5069,53;2027,45;54524,00;3173,70
27/02/2024;5078,18;2032,70;57068,00;3242,48
28/02/2024;5069,76;2032,40;62512,00;3378,97
29/02/2024;5096,27;2045,45;61161,00;3353,88
01/03/2024;5137,08;2073,60;62444,00;3433,61
04/03/2024;5130,95;2115,55;68359,00;3630,99
05/03/2024;5078,65;2127,10;63796,00;3560,18
06/03/2024;5104,76;2145,90;66120,00;3812,46
07/03/2024;5157,36;2151,75;66941,00;3862,58
08/03/2024;5123,69;2173,25;68285,00;3889,75
11/03/2024;5117,94;2184,65;72118,00;4072,80
12/03/2024;5175,27;2163,10;71473,00;3972,77
13/03/2024;5165,31;2170,85;73121,00;4008,10
14/03/2024;5150,48;2158,40;71371,00;3884,91
15/03/2024;5117,09;2162,05;69449,00;3744,66
18/03/2024;5149,42;2156,45;67613,00;3533,24
19/03/2024;5178,51;2154,14;61897,00;3162,23
20/03/2024;5224,62;2157,20;67872,00;3517,30
21/03/2024;5241,53;2176,85;65485,00;3490,60
22/03/2024;5234,18;2166,41;63807,00;3315,15
25/03/2024;5218,19;2176,36;69898,00;3585,60
26/03/2024;5203,58;2176,22;69997,00;3588,33
27/03/2024;5248,49;2190,84;69421,00;3492,51
28/03/2024;5254,35;2214,30;70803,00;3561,74
29/03/2024;5254,35;2214,30;69903,00;3516,12
01/04/2024;5243,77;2235,12;69699,00;3511,97
02/04/2024;5205,81;2258,93;65469,00;3281,10
03/04/2024;5211,49;2282,97;65988,00;3319,70
04/04/2024;5147,21;2292,47;68538,00;3330,44
05/04/2024;5204,34;2323,04;67857,00;3326,04
08/04/2024;5202,39;2330,31;71613,00;3696,86
09/04/2024;5209,91;2346,17;69135,00;3504,26